Taxonomic Group,Scientific Name,Common Name,2022 SGCN Tier,2012 SGCN Tier,Extirpated Status,Federal State Legal Status,Declining Status,Disjunct Status,Demographic Status,Concentration Status,Distribution Status
Amphibian,Hyla wrightorum (Huachuca-Canelo Hills Population),Arizona Treefrog (Huachuca-Canelo Hills Population),1,2,2,1,2,1,2,2,1
Amphibian,Rana chiricahuensis,Chiricahua Leopard Frog,1,1,2,1,2,2,1,2,2
Amphibian,Rana yavapaiensis,Lowland Leopard Frog,1,1,2,1,1,2,1,2,1
Amphibian,Rana pipiens,Northern Leopard Frog,1,1,2,1,1,1,1,2,2
Amphibian,Rana blairi,Plains Leopard Frog,1,1,2,1,0,1,0,0,2
Amphibian,Rana onca,Relict Leopard Frog,1,1,2,1,2,1,2,2,2
Amphibian,Ambystoma mavortium stebbinsi,Sonoran Tiger Salamander,1,1,2,1,2,2,2,1,1
Amphibian,Rana tarahumarae,Tarahumara Frog,1,1,2,1,1,1,1,1,1
Amphibian,Anaxyrus microscaphus,Arizona Toad,2,1,2,2,0,2,2,2,1
Amphibian,Craugastor augusti,Barking Frog,2,2,2,2,2,1,2,2,2
Amphibian,Gastrophryne mazatlanensis,Sinaloan Narrow-mouthed Toad,2,3,2,2,2,2,2,2,1
Amphibian,Smilisca fodiens,Lowland Burrowing Treefrog,2,2,2,2,2,2,2,2,1
Amphibian,Incilius alvarius,Sonoran Desert Toad,2,2,2,2,2,2,2,2,1
Amphibian,Anaxyrus retiformis,Sonoran Green Toad,2,2,2,2,2,2,2,2,1
Amphibian,Hyla wrightorum,Arizona Treefrog,3,3,2,2,0,2,2,2,2
Bird,Falco femoralis septentrionalis,Northern Aplomado Falcon,1,1,1,1,1,2,1,2,2
Bird,Haliaeetus leucocephalus,Bald Eagle,1,1,2,1,2,1,1,2,2
Bird,Gymnogyps californianus,California Condor,1,1,2,1,2,1,1,1,2
Bird,Glaucidium brasilianum cactorum,Cactus Ferruginous Pygmy-owl,1,2,2,1,2,2,1,2,1
Bird,Colinus virginianus ridgwayi,Masked Bobwhite,1,1,2,1,1,1,1,2,1
Bird,Falco peregrinus anatum,American Peregrine Falcon,1,1,2,1,2,2,1,2,2
Bird,Rallus obsoletus yumanensis,Ridgway's Rail,1,1,2,1,0,2,2,2,2
Bird,Strix occidentalis lucida,Spotted (Mexican) Owl,1,1,2,1,2,2,1,2,2
Bird,Rhynchopsitta pachyrhyncha,Thick-billed Parrot,1,1,1,1,0,0,0,0,0
Bird,Empidonax traillii extimus,Willow (Southwestern) Flycatcher,1,1,2,1,1,2,2,1,2
Bird,Coccyzus americanus,Yellow-billed (Western) Cuckoo,1,1,2,1,0,2,2,2,2
Bird,Melozone aberti,Abert's Towhee,2,2,2,2,2,2,2,2,1
Bird,Botaurus lentiginosus,American Bittern,2,2,2,2,1,2,2,2,2
Bird,Peucaea botterii arizonae,Arizona Botteri's Sparrow,2,2,2,2,2,2,2,2,1
Bird,Cinclus mexicanus,American Dipper,2,2,2,2,1,2,2,2,2
Bird,Falco sparverius,American Kestrel,2,N/A,2,2,1,2,2,2,2
Bird,Anthus rubescens,American Pipit,2,3,2,2,0,1,2,2,2
Bird,Dryobates arizonae,Arizona Woodpecker,2,2,2,2,2,2,2,2,1
Bird,Centronyx bairdii,Baird's Sparrow,2,3,2,2,1,2,2,2,2
Bird,Patagioenas fasciata,Band-tailed Pigeon,2,3,2,2,1,2,2,2,2
Bird,Toxostoma bendirei,Bendire's Thrasher,2,3,2,2,1,2,2,2,2
Bird,Dendrocygna autumnalis,Black-bellied Whistling-Duck,2,3,2,2,1,2,2,2,2
Bird,Pica hudsonia,Black-billed Magpie,2,2,2,2,1,2,2,2,2
Bird,Polioptila nigriceps,Black-capped Gnatcatcher,2,2,2,2,2,2,2,2,1
Bird,Setophaga nigrescens,Black-throated Gray Warbler,2,3,2,2,1,2,2,2,2
Bird,Spizella atrogularis,Black-chinned Sparrow,2,N/A,2,2,1,2,2,2,2
Bird,Lampornis clemenciae,Blue-throated Mountain-gem,2,2,2,2,1,2,2,2,1
Bird,Euphagus cyanocephalus,Brewer's Blackbird,2,N/A,2,2,1,2,2,2,2
Bird,Spizella breweri,Brewer's Sparrow,2,3,2,2,1,2,2,2,2
Bird,Cynanthus latirostris,Broad-billed Hummingbird,2,2,2,2,2,2,2,2,1
Bird,Selasphorus platycercus,Broad-tailed Hummingbird,2,N/A,2,2,1,2,2,2,2
Bird,Empidonax fulvifrons pygmaeus,Northern Buff-breasted Flycatcher,2,2,2,2,2,2,2,2,1
Bird,Antrostomus ridgwayi,Buff-collared Nightjar,2,2,2,2,0,2,2,2,1
Bird,Icterus bullockii,Bullock's Oriole,2,3,2,2,1,2,2,2,2
Bird,Athene cunicularia hypugaea,Western Burrowing Owl,2,2,2,2,1,2,1,2,2
Bird,Campylorhynchus brunneicapillus,Cactus Wren,2,N/A,2,2,1,2,2,2,2
Bird,Perisoreus canadensis,Canada Jay,2,2,2,2,2,1,2,2,2
Bird,Melozone fusca,Canyon Towhee,2,N/A,2,2,1,2,2,2,2
Bird,Haemorhous cassinii,Cassin's Finch,2,N/A,2,2,1,2,2,2,2
Bird,Calcarius ornatus,Chestnut-collared Longspur,2,3,2,2,1,2,2,2,2
Bird,Corvus cryptoleucus,Chihuahuan Raven,2,N/A,2,2,1,2,2,2,2
Bird,Aechmophorus clarkii,Clark's Grebe,2,3,2,2,1,2,2,1,2
Bird,Buteogallus anthracinus,Common Black Hawk,2,3,2,2,2,2,2,2,1
Bird,Chordeiles minor,Common Nighthawk,2,2,2,2,1,2,2,2,2
Bird,Calypte costae,Costa's Hummingbird,2,3,2,2,1,2,2,2,2
Bird,Dendragapus obscurus,Dusky Grouse,2,2,2,2,2,1,2,2,2
Bird,Myiarchus tuberculifer,Dusky-capped Flycatcher,2,2,2,2,2,2,2,2,1
Bird,Sialia sialis fulva,Azure Bluebird,2,2,2,2,0,2,2,2,1
Bird,Trogon elegans,Elegant Trogon,2,2,2,2,2,2,2,2,1
Bird,Coccothraustes vespertinus,Evening Grosbeak,2,2,2,2,1,2,2,2,2
Bird,Buteo regalis,Ferruginous Hawk,2,2,2,2,2,2,1,2,2
Bird,Amphispizopsis quinquestriata,Five-striped Sparrow,2,2,2,2,2,2,2,2,1
Bird,Psiloscops flammeolus,Flammulated Owl,2,3,2,2,0,2,1,2,2
Bird,Melanerpes uropygialis,Gila Woodpecker,2,2,2,2,2,2,2,2,1
Bird,Colaptes chrysoides,Gilded Flicker,2,2,2,2,1,2,2,2,1
Bird,Aquila chrysaetos,Golden Eagle,2,2,2,2,2,2,1,2,2
Bird,Setophaga graciae,Grace's Warbler,2,3,2,2,1,2,2,2,2
Bird,Ammodramus savannarum ammolegus,Arizona Grasshopper Sparrow,2,2,2,2,1,1,2,2,1
Bird,Ammodramus savannarum perpallidus,Western Grasshopper Sparrow,2,2,2,2,1,1,2,2,2
Bird,Empidonax wrightii,Gray Flycatcher,2,3,2,2,1,2,2,2,2
Bird,Vireo vicinior,Gray Vireo,2,2,2,2,1,2,2,2,2
Bird,Parabuteo unicinctus,Harris's Hawk,2,3,2,2,2,2,1,2,2
Bird,Catharus guttatus,Hermit Thrush,2,N/A,2,2,1,2,2,2,2
Bird,Icterus cucullatus,Hooded Oriole,2,3,2,2,1,2,2,2,2
Bird,Eremophila alpestris,Horned Lark,2,N/A,2,2,1,2,2,2,2
Bird,Columbina inca,Inca Dove,2,N/A,2,2,1,2,2,2,2
Bird,Charadrius vociferus,Killdeer,2,N/A,2,2,1,2,2,2,2
Bird,Calamospiza melanocorys,Lark Bunting,2,N/A,2,2,1,2,2,2,2
Bird,Toxostoma lecontei,LeConte's Thrasher,2,2,2,2,1,2,2,2,2
Bird,Melanerpes lewis,Lewis's Woodpecker,2,3,2,2,1,2,2,2,2
Bird,Melospiza lincolnii,Lincoln's Sparrow,2,2,2,2,2,1,2,2,2
Bird,Lanius ludovicianus,Loggerhead Shrike,2,N/A,2,2,1,2,2,2,2
Bird,Asio otus,Long-eared Owl,2,3,2,2,1,2,1,2,2
Bird,Geothlypis tolmiei,MacGillivray's Warbler,2,2,2,2,1,2,2,2,2
Bird,Rhynchophanes  mccownii,Thick-billed Longspur,2,3,2,2,1,2,2,2,2
Bird,Poecile sclateri,Mexican Chickadee,2,2,2,2,1,2,2,2,1
Bird,Ictinia mississippiensis,Mississippi Kite,2,2,2,2,2,1,2,2,2
Bird,Poecile gambeli,Mountain Chickadee,2,N/A,2,2,1,2,2,2,2
Bird,Charadrius montanus,Mountain Plover,2,2,2,2,1,2,2,2,2
Bird,Zonotrichia leucophrys oriantha,Mountain West White-crowned Sparrow,2,N/A,2,2,0,1,2,2,2
Bird,Glaucidium gnoma gnoma,Mountains Pygmy-owl,2,2,2,2,2,2,1,2,2
Bird,Camptostoma imberbe,Northern Beardless-Tyrannulet,2,2,2,2,0,2,2,2,1
Bird,Accipiter gentilis,Northern Goshawk,2,2,2,2,2,2,1,2,2
Bird,Circus hudsonius,Northern Harrier,2,N/A,2,2,1,2,2,2,2
Bird,Glaucidium gnoma californicum,Northern Pygmy-Owl,2,3,2,2,2,2,1,2,2
Bird,Contopus cooperi,Olive-sided Flycatcher,2,3,2,2,1,2,2,2,2
Bird,Troglodytes pacificus,Pacific Wren,2,2,2,2,2,1,2,2,2
Bird,Pinicola enucleator,Pine Grosbeak,2,2,2,2,1,1,2,2,2
Bird,Gymnorhinus cyanocephalus,Pinyon Jay,2,2,2,2,1,2,2,2,2
Bird,Falco mexicanus,Prairie Falcon,2,3,2,2,1,2,1,2,2
Bird,Progne subis hesperia,Desert Purple Martin,2,2,2,2,0,2,2,2,1
Bird,Cardinalis sinuatus,Pyrrhuloxia,2,N/A,2,2,1,2,2,2,2
Bird,Cardellina rubrifrons,Red-faced Warbler,2,2,2,2,1,2,2,2,2
Bird,Agelaius phoeniceus,Red-winged Blackbird,2,N/A,2,2,1,2,2,2,2
Bird,Eugenes fulgens,Rivoli's Hummingbird,2,2,2,2,0,2,2,2,1
Bird,Pachyramphus aglaiae,Rose-throated Becard,2,2,2,2,2,2,2,2,1
Bird,Peucaea carpalis,Rufous-winged Sparrow,2,2,2,2,2,2,2,2,1
Bird,Oreoscoptes montanus,Sage Thrasher,2,3,2,2,1,2,2,2,2
Bird,Passerculus sandwichensis,Savannah Sparrow,2,2,2,2,2,1,2,2,2
Bird,Callipepla squamata,Scaled Quail,2,3,2,2,1,2,2,2,2
Bird,Icterus parisorum,Scott's Oriole,2,3,2,2,1,2,2,2,2
Bird,Charadrius nivosus nivosus,Western Snowy Plover,2,2,2,2,2,1,2,2,2
Bird,Anthus spragueii,Sprague's Pipit,2,3,2,2,1,2,2,2,2
Bird,Cyanocitta stelleri,Steller's Jay,2,N/A,2,2,1,2,2,2,2
Bird,Myiodynastes luteiventris,Sulphur-bellied Flycatcher,2,2,2,2,0,2,2,2,1
Bird,Buteo swainsoni,Swainson's Hawk,2,3,2,2,2,2,1,2,2
Bird,Catharus ustulatus,Swainson's Thrush,2,2,2,2,1,1,2,2,2
Bird,Tyrannus crassirostris,Thick-billed Kingbird,2,2,2,2,2,2,2,2,1
Bird,Myadestes townsendi,Townsend's Solitaire,2,N/A,2,2,1,2,2,2,2
Bird,Auriparus flaviceps,Verdin,2,N/A,2,2,1,2,2,2,2
Bird,Pooecetes gramineus,Vesper Sparrow,2,N/A,2,2,1,2,2,2,2
Bird,Ramosomyia violiceps,Violet-crowned Hummingbird,2,2,2,2,0,2,2,2,1
Bird,Aechmophorus occidentalis,Western Grebe,2,3,2,2,1,2,2,1,2
Bird,Megascops kennicottii,Western Screech-Owl,2,3,2,2,2,2,1,2,2
Bird,Contopus sordidulus,Western Wood-Pewee,2,N/A,2,2,1,2,2,2,2
Bird,Megascops trichopsis,Whiskered Screech-Owl,2,2,2,2,2,2,1,2,2
Bird,Aphelocoma woodhouseii,Woodhouse's Scrub-Jay,2,3,2,2,1,2,2,2,2
Bird,Junco phaeonotus,Yellow-eyed Junco,2,2,2,2,2,2,2,2,1
Bird,Picoides dorsalis,American Three-toed Woodpecker,3,3,2,2,0,2,2,2,2
Bird,Laterallus jamaicensis coturnic,California Black Rail,3,2,2,2,0,2,2,2,2
Bird,Baeolophus wollweberi,Bridled Titmouse,3,3,2,2,0,2,2,2,2
Bird,Peucaea cassinii,Cassin's Sparrow,3,3,2,2,0,2,2,2,2
Bird,Spizella passerina,Chipping Sparrow,3,N/A,2,2,0,2,2,2,2
Bird,Nucifraga columbiana,Clark's Nutcracker,3,N/A,2,2,0,2,2,2,2
Bird,Gallinula galeata,Common Gallinule,3,3,2,2,0,2,2,2,2
Bird,Columbina passerina,Common Ground Dove,3,N/A,2,2,0,2,2,2,2
Bird,Mergus merganser,Common Merganser,3,N/A,2,2,0,2,2,2,2
Bird,Podiceps nigricollis,Eared Grebe,3,N/A,2,2,0,2,2,2,2
Bird,Sturnella lilianae,Chihuahan Meadowlark,3,3,2,2,0,2,2,2,2
Bird,Micrathene whitneyi,Elf Owl,3,3,2,2,0,2,2,2,2
Bird,Regulus satrapa,Golden-crowned Kinglet,3,3,2,2,0,2,2,2,2
Bird,Dumetella carolinensis,Gray Catbird,3,2,2,2,0,2,2,2,2
Bird,Contopus pertinax,Greater Pewee,3,3,2,2,0,2,2,2,2
Bird,Baeolophus ridgwayi,Juniper Titmouse,3,3,2,2,0,2,2,2,2
Bird,Passerina amoena,Lazuli Bunting,3,3,2,2,0,2,2,2,2
Bird,Ixobrychus exilis hesperis,Western Least Bittern,3,3,2,2,0,2,2,2,2
Bird,Calothorax lucifer,Lucifer Hummingbird,3,N/A,2,2,0,2,2,2,2
Bird,Aphelocoma wollweberi,Mexican Jay,3,3,2,2,0,2,2,2,2
Bird,Antrostomus arizonae,Mexican Whip-poor-will,3,3,2,2,0,2,2,2,2
Bird,Cyrtonyx montezumae,Montezuma Quail,3,3,2,2,0,2,2,2,2
Bird,Sialia currucoides,Mountain Bluebird,3,3,2,2,0,2,2,2,2
Bird,Colaptes auratus,Northern Flicker,3,N/A,2,2,0,2,2,2,2
Bird,Peucedramus taeniatus,Olive Warbler,3,3,2,2,0,2,2,2,2
Bird,Myioborus pictus,Painted Redstart,3,3,2,2,0,2,2,2,2
Bird,Spinus pinus,Pine Siskin,3,N/A,2,2,0,2,2,2,2
Bird,Progne subis arboricola,Western Purple Martin,3,3,2,2,0,2,2,2,2
Bird,Loxia curvirostra,Red Crossbill,3,3,2,2,0,2,2,2,2
Bird,Salpinctes obsoletus,Rock Wren,3,N/A,2,2,0,2,2,2,2
Bird,Aimophila ruficeps,Rufous-crowned Sparrow,3,N/A,2,2,0,2,2,2,2
Bird,Artemisiospiza nevadensis,Sagebrush Sparrow,3,3,2,2,0,2,2,2,2
Bird,Egretta thula,Snowy Egret,3,3,2,2,0,2,2,2,2
Bird,Porzana carolina,Sora,3,3,2,2,0,2,2,2,2
Bird,Actitis macularius,Spotted Sandpiper,3,N/A,2,2,0,2,2,2,2
Bird,Rallus limicola,Virginia Rail,3,3,2,2,0,2,2,2,2
Bird,Leiothlypis virginiae,Virginia's Warbler,3,3,2,2,0,2,2,2,2
Bird,Sturnella neglecta,Western Meadowlark,3,N/A,2,2,0,2,2,2,2
Bird,Aeronautes saxatalis,White-throated Swift,3,3,2,2,0,2,2,2,2
Fish,Oncorhynchus apache,Apache Trout,1,1,2,1,2,1,2,2,1
Fish,Cyprinella formosa,Beautiful Shiner,1,1,2,1,1,1,1,2,1
Fish,Gila elegans,Bonytail Chub,1,1,1,1,0,2,1,2,2
Fish,Ptychocheilus lucius,Colorado Pikeminnow,1,1,1,1,1,2,1,2,2
Fish,Cyprinodon macularius,Desert Pupfish,1,1,2,1,2,2,1,2,2
Fish,Gila intermedia,Gila Chub,1,1,2,1,2,2,2,2,1
Fish,Poeciliopsis occidentalis occidentalis,Gila Topminnow,1,1,2,1,2,2,2,2,1
Fish,Oncorhynchus gilae,Gila Trout,1,1,2,1,2,1,2,2,2
Fish,Gila cypha,Humpback Chub,1,1,2,1,2,1,1,1,2
Fish,Lepidomeda vittata,Little Colorado Spinedace,1,1,2,1,2,1,2,2,1
Fish,Tiaroga cobitis,Loach Minnow,1,1,2,1,1,1,1,2,1
Fish,Cyprinodon eremus,Sonoyta Pupfish,1,1,2,1,1,1,1,2,1
Fish,Xyrauchen texanus,Razorback Sucker,1,1,2,1,1,2,1,1,2
Fish,Gila robusta,Roundtail Chub,1,2,2,1,2,2,2,2,2
Fish,Gila ditaenia,Sonora Chub,1,1,2,1,1,1,1,2,1
Fish,Meda fulgida,Spikedace,1,1,2,1,2,1,1,2,1
Fish,Gila seminuda,Virgin River Chub,1,1,2,1,2,1,1,2,2
Fish,Plagopterus argentissimus,Woundfin,1,1,2,1,1,2,1,2,2
Fish,Ictalurus pricei,Yaqui Catfish,1,1,1,1,1,1,1,2,1
Fish,Gila purpurea,Yaqui Chub,1,1,2,1,1,1,1,2,1
Fish,Poeciliopsis occidentalis sonoriensis,Yaqui Topminnow,1,1,2,1,2,1,2,2,1
Fish,Catostomus discobolus yarrowi,Zuni Bluehead Sucker,1,1,2,1,1,1,2,2,2
Fish,Catostomus discobolus,Bluehead Sucker,2,1,2,2,2,1,2,2,2
Fish,Catostomus clarkii,Desert Sucker,2,2,2,2,2,2,1,2,2
Fish,Catostomus latipinnis,Flannelmouth Sucker,2,1,2,2,2,2,1,2,2
Fish,Catostomus sp. 3,Little Colorado Sucker,2,1,2,2,1,1,1,2,1
Fish,Agosia chrysogaster,Longfin Dace,2,2,2,2,0,2,1,2,2
Fish,Elops affinis,Machete,2,2,2,2,2,2,1,1,2
Fish,Campostoma ornatum,Mexican Stoneroller,2,1,2,2,1,1,1,2,1
Fish,Catostomus insignis,Sonora Sucker,2,2,2,2,2,2,1,1,2
Fish,Lepidomeda mollispinis mollispinis,Virgin Spinedace,2,1,2,2,2,1,1,2,2
Fish,Catostomus bernardini,Yaqui Sucker,2,2,1,2,1,1,1,2,1
Fish,Mugil cephalus,Striped Mullet,3,2,2,2,0,2,0,2,2
Invertebrate,Pyrgulopsis sola,Brown Springsnail,1,1,2,1,0,2,0,2,1
Invertebrate,Pyrgulopsis arizonae,Bylas Springsnail,1,1,2,1,2,2,2,2,1
Invertebrate,Anodonta californiensis,California Floater,1,1,2,1,1,1,1,2,2
Invertebrate,Sonorella christenseni,Clark Peak Talussnail,1,2,2,1,0,2,0,2,1
Invertebrate,Gastrocopta quadridens,Cross Snaggletooth,1,1,2,1,0,0,0,2,0
Invertebrate,Pyrgulopsis deserta,Desert Springsnail,1,1,2,1,0,0,0,2,2
Invertebrate,Tryonia porrecta,Desert Tryonia,1,N/A,2,1,2,2,2,2,2
Invertebrate,Pyrgulopsis simplex,Fossil Springsnail,1,1,2,1,2,2,2,2,1
Invertebrate,Tryonia gilae,Gila Tryonia,1,1,2,1,2,2,2,2,1
Invertebrate,Pyrgulopsis bacchus,Grand Wash Springsnail,1,1,2,1,1,1,1,2,1
Invertebrate,Pyrgulopsis thompsoni,Huachuca Springsnail,1,1,2,1,2,2,2,2,1
Invertebrate,Pyrgulopsis hualapaiensis,Hualapai Springsnail,1,1,2,1,0,0,0,2,1
Invertebrate,Pyrgulopsis sp. A,(no common name),1,N/A,2,1,0,0,0,2,2
Invertebrate,Pyrgulopsis sp. B,(no common name),1,N/A,2,1,2,2,2,2,1
Invertebrate,Pyrgulopsis sp. C,(no common name),1,N/A,2,1,2,0,0,2,1
Invertebrate,Pyrgulopsis conica,Kingman Springsnail,1,1,2,1,1,1,1,2,1
Invertebrate,Sonorella imitator,Mimic Talussnail,1,2,2,1,0,2,0,2,1
Invertebrate,Pyrgulopsis montezumensis,Montezuma Well Springsnail,1,1,2,1,2,2,2,2,1
Invertebrate,Oxyloma haydeni haydeni,Niobrara Ambersnail,1,1,2,1,2,1,2,2,1
Invertebrate,Pyrgulopsis morrisoni,Page Springsnail,1,1,2,1,2,2,2,2,1
Invertebrate,Oreohelix grahamensis,Pinaleño Mountainsnail,1,2,2,1,0,0,0,2,1
Invertebrate,Sonorella grahamensis,Pinaleño Talussnail,1,2,2,1,0,2,0,2,1
Invertebrate,Tryonia quitobaquitae,Quitobaquito Tryonia,1,1,2,1,2,1,0,2,1
Invertebrate,Pyrgulopsis bernardina,San Bernardino Springsnail,1,1,2,1,1,1,1,2,2
Invertebrate,Sonorella eremita,San Xavier Talussnail,1,1,2,1,0,2,0,2,1
Invertebrate,Gastrocopta dalliana,Shortneck Snaggletooth,1,1,2,1,0,0,0,2,0
Invertebrate,Pyrgulopsis trivialis,Three Forks Springsnail,1,1,2,1,1,1,1,2,1
Invertebrate,Pyrgulopsis glandulosa,Verde Rim Springsnail,1,1,2,1,2,1,2,2,1
Invertebrate,Sonorella macrophallus,Wet Canyon Talussnail,1,1,2,1,0,2,0,2,1
Invertebrate,Oreohelix anchana,Ancha Mountainsnail,2,3,2,2,0,0,0,2,1
Invertebrate,Sonorella baboquivariensis,Baboquivari Talussnail,2,3,2,2,0,0,0,2,1
Invertebrate,Sonorella danielsi,Bear Canyon Talussnail,2,3,2,2,0,0,0,2,1
Invertebrate,Naesiotus (Rabdotus) nigromontanus,Black Mountain Rabdotus,2,N/A,2,2,0,0,0,2,1
Invertebrate,Sonorella papagorum,Black Mountain Talussnail,2,2,2,2,0,0,0,2,1
Invertebrate,Sonorella bradshaveana,Bradshaw Talussnail,2,3,2,2,0,0,0,2,1
Invertebrate,Radiocentrum clappi,Cave Creek Mountainsnail,2,N/A,2,2,0,0,0,2,1
Invertebrate,Ashmunella chiricahuana,Cave Creek Woodlandsnail,2,3,2,2,0,0,0,2,1
Invertebrate,Radiocentrum chiricahuana,Chiricahua Mountainsnail,2,N/A,2,2,0,0,0,2,1
Invertebrate,Sonorella virilis,Chiricahua Talussnail,2,3,2,2,0,0,0,2,1
Invertebrate,Oreohelix houghi,Diablo Mountainsnail,2,3,2,2,0,0,0,2,1
Invertebrate,Sonorella bicipitis,Dos Cabezas Talussnail,2,3,2,2,0,0,0,2,1
Invertebrate,Sonorella rooseveltiana fragilis,Fragile Talussnail,2,N/A,2,2,0,0,0,2,1
Invertebrate,Sonorella galiurensis,Galiuro Talussnail,2,3,2,2,0,0,0,2,1
Invertebrate,Sonorella dalli,Garden Canyon Talussnail,2,3,2,2,0,0,0,2,1
Invertebrate,Oreohelix concentrata,Huachuca Mountainsnail,2,3,2,2,0,0,0,2,1
Invertebrate,Sonorella huachucana,Huachuca Talussnail,2,3,2,2,0,0,0,2,1
Invertebrate,Ashmunella levettei,Huachuca Woodlandsnail,2,3,2,2,2,0,0,2,1
Invertebrate,Sonorella xanthenes,Kitt Peak Talussnail,2,3,2,2,0,0,0,2,1
Invertebrate,Sonorella pedregosensis,Leslie Canyon Talussnail,2,3,2,2,0,0,0,2,1
Invertebrate,Sonorella clappi,Madera Talussnail,2,3,2,2,0,0,0,2,1
Invertebrate,Sonorella micromphala,Milk Ranch Talussnail,2,3,2,2,0,0,0,2,1
Invertebrate,Hyalella montezuma,Montezuma Well Amphipod,2,2,2,2,0,1,2,2,1
Invertebrate,Sonorella compar,Oak Creek Talussnail,2,3,2,2,0,0,0,2,1
Invertebrate,Sonorella ambigua verdensis,Papago Verde Talussnail,2,N/A,2,2,0,0,0,2,1
Invertebrate,Sonorella simmonsi,Picacho Talussnail,2,3,2,2,0,0,0,2,1
Invertebrate,Sonorella rinconensis,Posta Quemada Talussnail,2,3,2,2,0,0,0,2,1
Invertebrate,Sonorella granulatissima,Ramsey Canyon Talussnail,2,3,2,2,0,0,0,2,1
Invertebrate,Sonorella ashmuni,Richinbar Talussnail,2,3,2,2,0,0,0,2,1
Invertebrate,Sonorella bagnarai,Rincon Talussnail,2,3,2,2,0,0,0,2,1
Invertebrate,Sonorella (Myotophallus) rooseveltiana,Roosevelt Talussnail,2,N/A,2,2,0,0,0,2,1
Invertebrate,Sonorella tryoniana,Sanford Talussnail,2,3,2,2,0,0,0,2,1
Invertebrate,Sonorella sabinoensis,Santa Catalina Talussnail,2,3,2,2,0,0,0,2,1
Invertebrate,Naesiotus (Rabdotus) christenseni,Santa Rita Rabdotus,2,3,2,2,0,0,0,2,1
Invertebrate,Sonorella walkeri,Santa Rita Talussnail,2,3,2,2,0,0,0,2,1
Invertebrate,Sonorella anchana,Sierra Ancha Talussnail,2,3,2,2,0,0,0,2,1
Invertebrate,Sonorella allynsmithi,Phoenix (Squaw Peak) Talussnail,2,2,2,2,0,2,0,2,1
Invertebrate,Sonorella superstitionis,Superstition Mountains Talussnail,2,3,2,2,0,0,0,2,1
Invertebrate,Sonorella tortillita,Tortolita Talussnail,2,3,2,2,0,0,0,2,1
Invertebrate,Sonorella imperatrix,Total Wreck Talussnail,2,3,2,2,0,0,0,2,1
Invertebrate,Sonorella coltoniana,Walnut Canyon Talussnail,2,3,2,2,0,0,0,2,1
Invertebrate,Oreohelix yavapai,Yavapai Mountain Snail,2,3,2,2,0,0,0,2,1
Invertebrate,Vallonia perspectiva,(no common name),3,0,0,2,0,0,0,0,0
Invertebrate,Galba (Fossaria) cockerelli,(no common name),3,0,0,2,0,0,0,0,0
Invertebrate,Lymnaea humilis,(no common name),3,0,2,2,0,0,0,2,2
Invertebrate,Oreohelix sp. 32,(no common name),3,0,0,2,0,0,0,0,0
Invertebrate,Sonorella sp. 1,(no common name),3,0,0,2,0,0,0,0,0
Invertebrate,Vertigo arizonensis,(no common name),3,0,0,2,0,0,0,0,0
Invertebrate,Vertigo coloradensis,(no common name),3,0,0,2,0,0,0,0,0
Invertebrate,Sonorella santaritana,Agua Caliente Talussnail,3,3,0,2,0,0,0,0,0
Invertebrate,Nesovitrea electrina,Amber Glass,3,3,0,2,0,0,0,0,0
Invertebrate,Hyalella azteca,(no common name),3,0,2,2,0,0,0,2,2
Invertebrate,Gastrocopta cochisensis,Apache Snaggletooth,3,3,0,2,0,0,0,0,0
Invertebrate,Sonorella apache,Apache Talussnail,3,3,0,2,0,0,0,0,0
Invertebrate,Sonorella meadi,Aqua Dulce Talussnail,3,3,0,2,0,0,0,0,0
Invertebrate,Stygobromus arizonensis,Arizona Cave Amphipod,3,2,0,2,0,0,0,0,0
Invertebrate,Holospira arizonensis,Arizona Holospira,3,3,0,2,0,0,0,0,0
Invertebrate,Pallifera pilsbryi,Arizona mantleslug,3,3,0,2,0,0,0,0,0
Invertebrate,Gyraulus parvus,Ash Gyro,3,3,0,2,0,0,0,0,0
Invertebrate,Oreohelix barbata,Bearded Mountainsnail,3,3,0,2,0,0,0,0,0
Invertebrate,Thamnocephalus platyurus,Beavertail Fairy Shrimp,3,3,0,2,0,0,0,0,0
Invertebrate,Sonorella optata,Big Emigrant Talussnail,3,3,0,2,0,0,0,0,0
Invertebrate,Sonorella russelli,Black Mesa Talussnail,3,3,0,2,0,0,0,0,0
Invertebrate,Vertigo milium,Blade Vertigo,3,N/A,0,2,0,0,0,0,0
Invertebrate,Ashmunella pilsbryana,Blue Mountain Woodlandsnail,3,3,0,2,0,0,0,0,0
Invertebrate,Sonorella caerulifluminis,Blue Talussnail,3,3,0,2,0,0,0,0,0
Invertebrate,Cyzicus setosa,Bristletail Clam Shrimp,3,3,0,2,0,0,0,0,0
Invertebrate,Glyphyalinia indentata,Carved Glyph,3,3,0,2,0,0,0,0,0
Invertebrate,Holospira chiricahuana,Cave Creek Holospira,3,3,0,2,0,0,0,0,0
Invertebrate,Physella osculans,Cayuse Physa,3,3,0,2,0,0,0,0,0
Invertebrate,Streptocephalus mackini,Chihuahuan Desert Fairy Shrimp,3,3,0,2,0,0,0,0,0
Invertebrate,Ashmunella proxima,Chiricahua Woodlandsnail,3,3,0,2,0,0,0,0,0
Invertebrate,Discus shimekii cockerelli,Cockerell's Striate Disc (Snail),3,3,0,2,0,0,0,0,0
Invertebrate,Branchinecta coloradensis,Colorado Fairy Shrimp,3,3,0,2,0,0,0,0,0
Invertebrate,Physella humerosa,Corkscrew Physa,3,3,0,2,0,0,0,0,0
Invertebrate,Gastrocopta cristata,Crested Snaggletooth,3,3,0,2,0,0,0,0,0
Invertebrate,Pupilla hebes,Crestless Column,3,3,0,2,0,0,0,0,0
Invertebrate,Oreohelix yavapai cummingsi,Cummings Mountainsnail,3,3,0,2,0,0,0,0,0
Invertebrate,Triops newberryi,Desert Tadpole Shrimp,3,3,0,2,0,0,0,0,0
Invertebrate,Gyraulus circumstriatus,Disc Gyro,3,3,0,2,0,0,0,0,0
Invertebrate,Sonorella waltoni,Doubtful Canyon Talussnail,3,3,0,2,0,0,0,0,0
Invertebrate,Sonorella ferrissi,Dragoon Talussnail,3,3,0,2,0,0,0,0,0
Invertebrate,Eremarionta rowelli,Eastern Desertsnail,3,N/A,0,2,0,2,0,0,0
Invertebrate,Sonorella imperialis,Empire Mountain Talussnail,3,3,0,2,0,0,0,0,0
Invertebrate,Sonorella bartschi,Escabrosa Talussnail,3,3,0,2,0,0,0,0,0
Invertebrate,Eubranchipus hesperius,Ethologist Fairy Shrimp,3,3,0,2,0,0,0,0,0
Invertebrate,Sonorella vespertina,Evening Talussnail,3,3,0,2,0,0,0,0,0
Invertebrate,Ferrissia fragilis,Fragile Ancylid,3,N/A,0,2,0,0,0,0,0
Invertebrate,Galba (Fossaria) techella,Freshwater Snail,3,3,0,2,0,0,0,0,0
Invertebrate,Cochlicopa lubrica,Glossy Pillar (Snail),3,3,0,2,0,0,0,0,0
Invertebrate,Valvata humeralis,Glossy Valvata,3,3,0,2,0,0,0,0,0
Invertebrate,Galba (Fossaria) obrussa,Golden Fossaria,3,3,0,2,0,0,0,0,0
Invertebrate,Sonorella coloradoensis,Grand Canyon Talussnail,3,3,0,2,0,0,0,0,0
Invertebrate,Streptocephalus texanus,Greater Plains Fairy Shrimp,3,N/A,0,2,0,0,0,0,0
Invertebrate,Sonorella bequaerti,Happy Valley Talussnail,3,3,0,2,0,0,0,0,0
Invertebrate,Lynceus brachyurus,Holarctic Clam Shrimp,3,3,0,2,0,0,0,0,0
Invertebrate,Chaenaxis tuba,Hollow Tuba (Snail),3,3,0,2,0,0,0,0,0
Invertebrate,Holospira campestris,Holospira (no common name),3,3,0,2,0,0,0,0,0
Invertebrate,Holospira cionella,Holospira (no common name),3,3,0,2,0,0,0,0,0
Invertebrate,Holospira millestriata,Holospira (no common name),3,3,0,2,0,0,0,0,0
Invertebrate,Sonorella binneyi,Horseshoe Canyon Talussnail,3,3,0,2,0,0,0,0,0
Invertebrate,Branchinecta kaibabensis,Kaibab Fairy Shrimp,3,3,0,2,0,0,0,0,0
Invertebrate,Eubranchipus bundyi,Knobbedlip Fairy Shrimp,3,3,0,2,0,0,0,0,0
Invertebrate,Sonorella sitiens,Las Guijas Talussnail,3,3,0,2,0,0,0,0,0
Invertebrate,Sonorella parva,Little Talussnail,3,3,0,2,0,0,0,0,0
Invertebrate,Triops longicaudatus,Longtail Tadpole Shrimp,3,3,0,2,0,0,0,0,0
Invertebrate,Deroceras laeve,Marsh Slug (or Meadow Slug),3,3,2,2,0,2,2,2,2
Invertebrate,Columella columella,Mellow Column (Snail),3,3,0,2,0,0,0,0,0
Invertebrate,Thamnocephalus mexicanus,Mexican Beavertail Fairy Shrimp,3,3,0,2,0,0,0,0,0
Invertebrate,Cyzicus mexicanus,Mexican Clam Shrimp,3,3,0,2,0,0,0,0,0
Invertebrate,Lucilla (Helicodiscus) eigenmanni,Mexican Coil,3,3,0,2,0,0,0,0,0
Invertebrate,Planorbella tenuis,Mexican Rams-horn,3,3,0,2,0,0,0,0,0
Invertebrate,Succinea luteola,Mexico Ambersnail,3,3,0,2,0,0,0,0,0
Invertebrate,Otala lactea,Milk Snail,3,3,0,2,0,0,0,0,0
Invertebrate,Hawaiia minuscula,Minute Gem,3,3,2,2,0,2,2,2,2
Invertebrate,Ashmunella mogollonensis,Mogollon Woodlandsnail,3,3,0,2,0,0,0,0,0
Invertebrate,Gastrocopta pilsbryana,Montane Snaggletooth,3,3,0,2,0,0,0,0,0
Invertebrate,Sonorella mustang,Mustang Talussnail,3,3,0,2,0,0,0,0,0
Invertebrate,Streptocephalus dorothae,New Mexico Fairy Shrimp,3,3,0,2,0,0,0,0,0
Invertebrate,Discus whitneyi,(no common name),3,3,0,2,0,0,0,0,0
Invertebrate,Vertigo ovata,Ovate Vertigo,3,N/A,0,2,0,0,0,0,0
Invertebrate,Sonorella ambigua,Papago Talussnail,3,2,0,2,0,0,0,0,0
Invertebrate,Paralaoma caputspinulae,Pinhead Spot,3,N/A,0,2,0,0,0,0,0
Invertebrate,Sonorella neglecta,Portal Talussnail,3,3,0,2,0,0,0,0,0
Invertebrate,Physella virgata,Protean Physa,3,3,2,2,0,0,0,2,0
Invertebrate,Sonorella odorata,Pungent Talussnail,3,3,0,2,0,0,0,0,0
Invertebrate,Galba (Fossaria) parva,Pygmy Fossaria,3,3,0,2,0,0,0,0,0
Invertebrate,Sonorella micra,Pygmy Sonorella,3,3,0,2,0,0,0,0,0
Invertebrate,Sonorella bowiensis,Quartzite Hill Talussnail,3,3,0,2,0,0,0,0,0
Invertebrate,Zonitoides arboreus,Quick Gloss,3,3,2,2,0,0,0,2,2
Invertebrate,Sonorella reederi,Rampart Talussnail,3,3,0,2,0,0,0,0,0
Invertebrate,Ashmunella ferrissi,Reed's Mountain Woodlandsnail,3,3,0,2,0,0,0,0,0
Invertebrate,Pupoides hordaceus,Ribbed Dagger,3,3,0,2,0,0,0,0,0
Invertebrate,Radiodiscus millecostatus,Ribbed Pinwheel,3,3,0,2,0,0,0,0,0
Invertebrate,Punctum californicum,Ribbed Spot,3,N/A,0,2,0,0,0,0,0
Invertebrate,Galba (Fossaria) modicella,Rock Fossaria,3,3,0,2,0,0,0,0,0
Invertebrate,Branchinecta packardi,Rock Pool Fairy Shrimp,3,3,0,2,0,0,0,0,0
Invertebrate,Pupilla blandii,Rocky Mountain Column,3,N/A,0,2,0,0,0,0,0
Invertebrate,Oreohelix strigosa,Rocky Mountainsnail,3,3,2,2,0,0,0,2,2
Invertebrate,Vertigo berryi,Rotund Vertigo,3,3,0,2,0,0,0,0,0
Invertebrate,Artemia franciscana,San Francisco Brine Shrimp,3,3,2,2,0,0,0,0,0
Invertebrate,Succinea grosvenori,Santa Rita Ambersnail,3,3,0,2,0,0,0,0,0
Invertebrate,Promenetus exacuous,Sharp Sprite (A Planorbid Snail),3,3,0,2,0,0,0,0,0
Invertebrate,Lynceus brevifrons,Short Finger Clam Shrimp,3,3,0,2,0,0,0,0,0
Invertebrate,Vallonia cyclophorella,Silky Vallonia,3,3,0,2,0,0,0,0,0
Invertebrate,Holospira sherbrookei,Silver Creek Holospira,3,N/A,0,2,0,0,0,0,0
Invertebrate,Gastrocopta pellucida,Slim Snaggletooth,3,3,0,2,0,0,0,0,0
Invertebrate,Gastrocopta ashmuni,Sluice Snaggletooth,3,3,0,2,0,0,0,0,0
Invertebrate,Lucilla (Helicodiscus) singleyana,Smooth Coil,3,3,0,2,0,0,0,0,0
Invertebrate,Gastrocopta prototypus,Sonoran Snaggletooth,3,N/A,0,2,0,0,0,0,0
Invertebrate,Sonorella magdalenensis,Sonoran Talussnail,3,3,2,2,0,0,0,2,0
Invertebrate,Thysanophora hornii,Southwestern Fringed-snail,3,3,0,2,0,0,0,0,0
Invertebrate,Leptestheria compleximanus,Spinynose Clam Shrimp,3,3,0,2,0,0,0,0,0
Invertebrate,Streptocephalus coloradensis,Colorado Spinytail Fairy Shrimp,3,3,0,2,0,0,0,0,0
Invertebrate,Microphysula ingersolli,Spruce Snail,3,3,0,2,0,0,0,0,0
Invertebrate,Sonorella franciscana,St. Francis Talussnail,3,3,0,2,0,0,0,0,0
Invertebrate,Holospira ferrissi,Stocky Holospira,3,3,0,2,0,0,0,0,0
Invertebrate,Holospira danielsi,Stongrib Holospira,3,3,0,2,0,0,0,0,0
Invertebrate,Eocyzicus digueti,Straightbacked Clam Shrimp,3,3,0,2,0,0,0,0,0
Invertebrate,Discus shimekii,Striate Disc,3,3,0,2,0,0,0,0,0
Invertebrate,Sonorella dragoonensis,Stronghold Canyon Talussnail,3,3,0,2,0,0,0,0,0
Invertebrate,Oreohelix subrudis,Subalpine Mountainsnail,3,3,0,2,0,0,0,0,0
Invertebrate,Catinella vermeta,Suboval Ambersnail,3,3,2,2,0,2,2,2,2
Invertebrate,Sonorella milleri,Table Top Talussnail,3,3,0,2,0,0,0,0,0
Invertebrate,Physa gyrina,Tadpole Physa,3,N/A,2,2,0,0,0,2,2
Invertebrate,Holospira tantalus,Teasing Holospira,3,3,0,2,0,0,0,0,0
Invertebrate,Pisidium insigne,Tiny Peaclam,3,3,0,2,0,0,0,0,0
Invertebrate,Sonorella delicata,Tollhouse Canyon Talussnail,3,3,0,2,0,0,0,0,0
Invertebrate,Pupilla syngenes,Top-heavy Column,3,3,0,2,0,0,0,0,0
Invertebrate,Pisidium variabile,Triangular Peaclam,3,N/A,0,2,0,0,0,0,0
Invertebrate,Helisoma anceps,Two-ridge Rams-horn,3,3,0,2,0,0,0,0,0
Invertebrate,Pisidium casertanum,Ubiquitous Peaclam,3,3,0,2,0,0,0,0,0
Invertebrate,Holospira montivaga,Vagabond Holospira,3,3,0,2,0,0,0,0,0
Invertebrate,Branchinecta lindahli,Versatile Fairy Shrimp,3,3,0,2,0,0,0,0,0
Invertebrate,Pisidium walkeri,Walker Peaclam,3,N/A,0,2,0,0,0,0,0
Invertebrate,Vitrina pellucida alaskana,Western Glass Snail,3,3,0,2,0,0,0,0,0
Invertebrate,Holospira whetstonensis,Whetstone Holospira,3,3,0,2,0,0,0,0,0
Invertebrate,Sonorella insignis,Whetstone Talussnail,3,3,0,2,0,0,0,0,0
Invertebrate,Pupoides albilabris,White-lip Dagger,3,N/A,0,2,0,0,0,0,0
Mammal,Mustela nigripes,Black-footed Ferret,1,1,2,1,1,1,1,1,2
Mammal,Cynomys ludovicianus,Black-tailed Prairie Dog,1,1,2,1,2,1,1,1,2
Mammal,Cynomys gunnisoni,Gunnison's Prairie Dog,1,2,2,1,2,2,1,1,2
Mammal,Panthera onca,Jaguar,1,1,2,1,1,1,0,2,2
Mammal,Leptonycteris yerbabuenae,Lesser Long-nosed Bat,1,2,2,1,2,2,2,1,1
Mammal,Canis lupus baileyi,Mexican Gray Wolf,1,1,2,1,2,2,1,2,1
Mammal,Tamiasciurus hudsonicus grahamens,Mt. Graham Red Squirrel,1,1,2,1,1,1,1,2,1
Mammal,Zapus hudsonius luteus,New Mexican Jumping Mouse,1,1,2,1,0,1,0,2,2
Mammal,Leopardus pardalis,Ocelot,1,1,2,1,0,1,0,2,2
Mammal,Corynorhinus townsendii pallescens,Pale Townsend's Big-eared Bat,1,3,2,1,1,2,2,2,2
Mammal,Antilocapra americana sonoriensis,Sonoran Pronghorn,1,1,2,1,2,1,1,1,1
Mammal,Sciurus aberti chuscensis,Abert's Chuska Squirrel,2,2,2,2,2,1,2,2,1
Mammal,Idionycteris phyllotis,Allen's Lappet-browed Bat,2,3,2,2,0,2,0,1,2
Mammal,Antilocapra americana americana,American Pronghorn,2,2,2,2,2,2,1,2,2
Mammal,Lepus alleni,Antelope Jackrabbit,2,2,2,2,0,2,2,2,1
Mammal,Sigmodon arizonae cienegae,Arizona Cotton Rat,2,2,2,2,0,1,0,2,2
Mammal,Sciurus arizonensis,Arizona Gray Squirrel,2,2,2,2,0,1,0,2,1
Mammal,Microtus montanus,Arizona Montane Vole,2,2,2,2,2,1,0,2,1
Mammal,Perognathus amplus,Arizona Pocket Mouse,2,2,2,2,2,2,2,2,1
Mammal,Sorex arizonae,Arizona Shrew,2,2,2,2,0,1,0,2,1
Mammal,Chaetodipus baileyi,Bailey's Pocket Mouse,2,2,2,2,2,2,2,2,1
Mammal,Nyctinomops macrotis,Big Free-tailed Bat,2,3,2,2,0,2,0,1,2
Mammal,Macrotus californicus,California Leaf-nosed Bat,2,N/A,2,2,2,2,2,1,1
Mammal,Myotis velifer,Cave Myotis,2,N/A,2,2,2,2,2,1,2
Mammal,Sciurus nayaritensis chiricahuae,Chiricahua Fox Squirrel,2,2,2,2,0,1,0,2,1
Mammal,Notiosorex cockrumi,Cockrum's Desert Shrew,2,2,2,2,0,1,0,0,1
Mammal,Sigmodon arizonae plenus,Colorado River Cotton Rat,2,2,1,2,0,1,0,2,1
Mammal,Sorex nanus,Dwarf Shrew,2,2,2,2,0,1,0,2,2
Mammal,Myotis thysanodes,Fringed Myotis,2,N/A,2,2,2,2,2,1,2
Mammal,Callospermophilus lateralis,Golden-mantled Ground Squirrel,2,3,2,2,2,1,2,2,2
Mammal,Tamias cinereicollis,Gray-collared Chipmunk,2,2,2,2,0,2,0,2,1
Mammal,Eumops perotis californicus,Greater Western Mastiff Bat,2,2,2,2,1,2,0,1,2
Mammal,Thomomys bottae subsimilis,Harquahala Southern Pocket Gopher,2,2,2,2,0,1,0,2,1
Mammal,Ammospermophilus harrisii,Harris's Antelope Squirrel,2,2,2,2,2,2,2,2,1
Mammal,Sigmodon hispidus,Hispid Cotton Rat,2,2,2,2,0,1,0,2,2
Mammal,Lasiurus cinereus,Hoary Bat,2,3,2,2,0,2,2,1,2
Mammal,Dipodomys microps leucotis,Houserock Valley Chisel-toothed Kangaroo Rat,2,2,2,2,0,1,0,2,1
Mammal,Sciurus aberti kaibabensis,Kaibab Squirrel,2,2,2,2,2,1,2,2,1
Mammal,Tamias minimus,Least Chipmunk,2,2,2,2,0,1,0,2,2
Mammal,Tadarida brasiliensis,Mexican Free-tailed Bat,2,2,2,2,2,2,2,1,2
Mammal,Choeronycteris mexicana,Mexican Long-tongued Bat,2,3,2,2,1,2,2,2,1
Mammal,Didelphis virginiana californica,Mexican Opossum,2,2,2,2,0,1,2,2,2
Mammal,Neotoma mexicana mexicana,Mexican Woodrat,2,N/A,2,2,0,1,2,2,0
Mammal,Nyctinomops femorosaccus,Pocketed Free-tailed Bat,2,3,2,2,2,2,2,1,2
Mammal,Ammospermophilus leucurus tersus,Prospect Valley White-tailed Antelope Squirrel,2,2,2,2,0,1,0,2,1
Mammal,Peromyscus nasutus (difficilis),Rock Mouse,2,3,2,2,0,1,2,2,2
Mammal,Thomomys umbrinus intermedius,Southern Pocket Gopher,2,2,2,2,0,1,0,2,1
Mammal,Myotis auriculus,Southwestern Myotis,2,3,2,2,0,0,2,2,1
Mammal,Lontra canadensis sonora,Southwestern River Otter,2,2,1,0,0,0,0,0,0
Mammal,Euderma maculatum,Spotted Bat,2,2,2,2,0,2,0,1,2
Mammal,Perognathus flavus goodpasteri,Springerville Pocket Mouse,2,2,2,2,0,1,0,0,1
Mammal,Neotoma stephensi,Stephen's Woodrat,2,3,2,2,2,2,2,2,1
Mammal,Spermophilus tridecemlineatus,Thirteen-lined Ground Squirrel,2,2,2,2,2,1,2,2,2
Mammal,Tamias umbrinus,Uinta Chipmunk,2,2,2,2,0,1,0,2,2
Mammal,Eumops underwoodi,Underwood's Mastiff Bat,2,2,2,2,0,2,0,2,1
Mammal,Lasiurus blossevillii,Western Red Bat,2,3,2,2,0,2,0,1,2
Mammal,Sorex navigator,Western Water Shrew,2,N/A,2,2,0,1,0,2,2
Mammal,Lasiurus xanthinus,Western Yellow Bat,2,N/A,2,2,0,2,2,1,2
Mammal,Microtus longicaudus leucophaeus,White-bellied Long-tailed Vole,2,2,2,2,0,1,0,2,1
Mammal,Ammospermophilus leucurus cinnamomeus,White-tailed Antelope Squirrel,2,3,2,2,0,0,0,2,1
Mammal,Perognathus amplus cineris,Wupatki Arizona Pocket Mouse,2,2,2,2,0,1,0,2,1
Mammal,Sigmodon arizonae jacksoni,Yavapai Arizona Cotton Rat,2,2,1,2,0,1,0,2,1
Mammal,Sigmodon hispidus eremicus,Yuma Hispid Cotton Rat,2,2,2,2,0,1,0,2,1
Mammal,Myotis yumanensis,Yuma Myotis,2,N/A,2,2,2,2,2,1,2
Mammal,Perognathus apache melanotis,Apache Pocket Mouse,3,3,2,2,0,0,0,2,0
Mammal,Lepus californicus,Black-tailed Jackrabbit,3,N/A,2,2,0,2,2,2,2
Mammal,Neotoma cinerea,Bushy-tailed Woodrat,3,2,2,2,0,2,2,2,2
Mammal,Peromyscus crinitus,Canyon Mouse,3,3,2,2,0,2,2,2,2
Mammal,Dipodomys microps celsus,Chisel-toothed Kangaroo Rat,3,2,2,2,0,2,0,2,2
Mammal,Tamias quadrivittatus,Colorado Chipmunk,3,2,2,2,0,2,0,2,2
Mammal,Neotoma lepida,Desert Woodrat,3,3,2,2,0,2,0,2,2
Mammal,Conepatus leuconotus leuconotus,Hog-nosed Skunk,3,3,2,2,0,2,2,2,2
Mammal,Microtus longicaudus,Long-tailed Vole,3,2,2,2,0,2,2,2,2
Mammal,Mustela frenata,Long-tailed Weasel,3,3,2,2,0,2,2,2,2
Mammal,Peromyscus merriami,Merriam's Deermouse,3,N/A,2,2,0,2,2,2,2
Mammal,Sorex merriami,Merriam's Shrew,3,2,2,2,0,2,2,2,2
Mammal,Microtus mexicanus,Mexican Vole,3,2,2,2,0,2,2,2,2
Mammal,Sylvilagus nuttallii grangeri,North Kaibab Mountain Cottontail,3,2,2,2,0,2,2,2,2
Mammal,Glaucomys sabrinus,Northern Flying Squirrel,3,N/A,2,2,0,0,2,2,2
Mammal,Thomomys talpoides,Northern Pocket Gopher,3,3,2,2,0,2,0,2,2
Mammal,Reithrodontomys montanus,Plains Harvest Mouse,3,3,2,2,0,2,0,2,2
Mammal,Chaetodipus penicillatus,Desert Pocket Mouse,3,N/A,2,2,0,0,2,2,2
Mammal,Clethrionomys gapperi,Southern Red-backed Vole,3,3,2,2,0,2,0,2,2
Mammal,Sylvilagus nuttallii pinetis,Southwestern Cottontail,3,2,2,2,0,2,2,2,2
Mammal,Sigmodon fulviventer,Tawny-bellied Cotton Rat,3,3,2,2,0,2,0,2,2
Mammal,Spilogale gracilis,Western Spotted Skunk,3,3,2,2,0,2,2,2,2
Mammal,Sigmodon ochrognathus,Yellow-nosed Cotton Rat,3,2,2,2,0,2,0,2,2
Reptile,Phrynosoma mcallii,Flat-tailed Horned Lizard,1,1,2,1,1,2,2,2,2
Reptile,Heloderma suspectum,Gila Monster,1,2,2,1,2,2,2,2,1
Reptile,Sistrurus tergeminus,Massasauga,1,1,2,1,1,2,2,2,2
Reptile,Lampropeltis triangulum (Cochise Co.),Milksnake (Cochise Co.),1,1,2,1,0,1,2,2,1
Reptile,Gopherus agassizii,Mojave Desert Tortoise,1,1,2,1,1,2,1,2,2
Reptile,Thamnophis rufipunctatus,Narrow-headed Gartersnake,1,1,2,1,1,1,1,2,1
Reptile,Crotalus willardi obscurus,New Mexico Ridge-nosed Rattlesnake,1,1,2,1,0,1,2,2,2
Reptile,Thamnophis eques,Northern Mexican Gartersnake,1,1,2,1,1,1,2,2,1
Reptile,Terrapene ornata,Ornate Box Turtle,1,1,2,1,1,2,1,2,2
Reptile,Crotalus willardi willardi,Ridge-nosed Rattlesnake,1,1,2,1,2,1,2,2,1
Reptile,Crotalus lepidus,Rock Rattlesnake,1,1,2,1,2,1,2,2,2
Reptile,Gopherus morafkai,Sonoran Desert Tortoise,1,1,2,1,2,2,1,2,1
Reptile,Kinosternon sonoriense longifemorale,Sonoyta Mud Turtle,1,1,2,1,1,1,2,1,1
Reptile,Crotalus pricei,Twin-spotted Rattlesnake,1,1,2,1,2,1,2,2,1
Reptile,Crotalus cerberus,Arizona Black Rattlesnake,2,2,2,2,2,2,2,2,1
Reptile,Kinosternon arizonense,Arizona Mud Turtle,2,2,2,2,2,2,2,2,1
Reptile,Xantusia arizonae,Arizona Night Lizard,2,2,2,2,0,1,2,2,1
Reptile,Xantusia bezyi,Bezy’s Night Lizard,2,2,2,2,0,1,2,2,1
Reptile,Oxybelis aeneus,Brown Vinesnake,2,2,2,2,2,2,2,2,1
Reptile,Aspidoscelis stictogramma,Canyon Spotted Whiptail,2,2,2,2,2,2,2,2,1
Reptile,Tantilla wilcoxi,Chihuahuan Black-headed Snake,2,2,2,2,2,1,2,2,1
Reptile,Phrynosoma goodei,Goode's Horned Lizard,2,2,2,2,2,2,2,2,1
Reptile,Senticolis triaspis,Green Ratsnake,2,2,2,2,2,2,2,2,1
Reptile,Hypsiglena species novum,Hooded Nightsnake,2,2,2,2,2,2,2,2,1
Reptile,Elgaria kingii,Madrean Alligator Lizard,2,N/A,2,2,2,2,2,2,1
Reptile,Uma scoparia,Mohave Fringe-toed Lizard,2,2,2,2,2,1,2,2,2
Reptile,Uma thurmanae,Mohawk Dunes Fringe-toed Lizard,2,N/A,2,2,2,2,2,2,1
Reptile,Plestiodon callicephalus,Mountain Skink,2,N/A,2,2,2,2,2,2,1
Reptile,Chrysemys picta,Painted Turtle,2,2,2,2,2,1,2,2,2
Reptile,Aspidoscelis xanthonota,Red-back Whiptail,2,2,2,2,2,2,2,2,1
Reptile,Phrynosoma solare,Regal Horned Lizard,2,2,2,2,2,2,2,2,1
Reptile,Phyllorhynchus browni,Saddled Leaf-nosed Snake,2,2,2,2,2,2,2,2,1
Reptile,Sceloporus slevini,Slevin's Bunchgrass Lizard,2,2,2,2,1,1,2,2,1
Reptile,Kinosternon sonoriense sonoriense,Sonora Mud Turtle,2,2,2,2,2,2,2,2,1
Reptile,Crotaphytus nebrius,Sonoran Collared Lizard,2,2,2,2,2,2,2,2,1
Reptile,Micruroides euryxanthus,Sonoran Coralsnake,2,2,2,2,2,2,2,2,1
Reptile,Chionactis palarostris,Sonoran Shovel-nosed Snake,2,2,2,2,2,2,2,2,1
Reptile,Aspidoscelis sonorae,Sonoran Spotted Whiptail,2,3,2,2,2,2,2,2,1
Reptile,Masticophis bilineatus,Sonoran Whipsnake,2,2,2,2,2,2,2,2,1
Reptile,Crotalus pyrrhus (Tinajas Altas),Speckled Rattlesnake (Tinajas Altas),2,2,2,2,2,2,2,2,1
Reptile,Sceloporus virgatus,Striped Plateau Lizard,2,N/A,2,2,2,1,2,2,2
Reptile,Gyalopion quadrangulare,Thornscrub Hook-nosed Snake,2,2,2,2,2,2,2,2,1
Reptile,Lichanura trivirgata,Three-lined Boa,2,2,2,2,2,2,2,2,1
Reptile,Crotalus tigris,Tiger Rattlesnake,2,2,2,2,2,2,2,2,1
Reptile,Chilomeniscus stramineus,Variable Sandsnake,2,2,2,2,2,2,2,2,1
Reptile,Tantilla yaquia,Yaqui Black-headed Snake,2,2,2,2,2,1,2,2,1
Reptile,Sceloporus jarrovii,Yarrow's Spiny Lizard,2,N/A,2,2,2,2,2,2,1
Reptile,Kinosternon flavescens,Yellow Mud Turtle,2,2,2,2,2,1,2,2,2
Reptile,Uma rufopunctata,Yuman Desert Fringe-toed Lizard,2,2,2,2,2,1,2,2,1
Reptile,Thamnophis cyrtopsis,Black-necked Gartersnake,3,3,2,2,0,2,2,2,2
Reptile,Chionactis occipitalis,Mohave Shovel-nosed Snake,3,3,2,2,0,2,2,2,2
,,,,,,,,,,,
,,,,,,,,,,,
,,,,,,,,,,,
,,,,,,,,,,,
,,,,,,,,,,,
,,,,,,,,,,,
,,,,,,,,,,,
,,,,,,,,,,,
,,,,,,,,,,,
,,,,,,,,,,,
,,,,,,,,,,,
,,,,,,,,,,,
,,,,,,,,,,,
,,,,,,,,,,,
,,,,,,,,,,,
,,,,,,,,,,,
,,,,,,,,,,,
,,,,,,,,,,,
,,,,,,,,,,,
,,,,,,,,,,,
,,,,,,,,,,,
,,,,,,,,,,,
,,,,,,,,,,,
,,,,,,,,,,,
,,,,,,,,,,,
,,,,,,,,,,,
,,,,,,,,,,,
,,,,,,,,,,,
,,,,,,,,,,,
,,,,,,,,,,,
,,,,,,,,,,,
,,,,,,,,,,,
,,,,,,,,,,,
,,,,,,,,,,,
,,,,,,,,,,,
,,,,,,,,,,,
,,,,,,,,,,,
,,,,,,,,,,,
,,,,,,,,,,,
,,,,,,,,,,,
,,,,,,,,,,,
,,,,,,,,,,,
,,,,,,,,,,,
,,,,,,,,,,,
,,,,,,,,,,,
,,,,,,,,,,,
,,,,,,,,,,,
,,,,,,,,,,,
,,,,,,,,,,,
,,,,,,,,,,,
,,,,,,,,,,,
,,,,,,,,,,,
,,,,,,,,,,,
,,,,,,,,,,,
,,,,,,,,,,,
,,,,,,,,,,,
,,,,,,,,,,,
,,,,,,,,,,,
,,,,,,,,,,,
,,,,,,,,,,,
,,,,,,,,,,,
,,,,,,,,,,,
,,,,,,,,,,,
,,,,,,,,,,,
,,,,,,,,,,,
,,,,,,,,,,,
,,,,,,,,,,,
,,,,,,,,,,,
,,,,,,,,,,,
,,,,,,,,,,,
,,,,,,,,,,,
,,,,,,,,,,,
,,,,,,,,,,,
,,,,,,,,,,,
,,,,,,,,,,,
,,,,,,,,,,,
,,,,,,,,,,,
,,,,,,,,,,,
,,,,,,,,,,,
,,,,,,,,,,,
,,,,,,,,,,,
,,,,,,,,,,,
,,,,,,,,,,,
,,,,,,,,,,,
,,,,,,,,,,,
,,,,,,,,,,,
,,,,,,,,,,,
,,,,,,,,,,,
,,,,,,,,,,,
,,,,,,,,,,,
,,,,,,,,,,,
,,,,,,,,,,,
,,,,,,,,,,,
,,,,,,,,,,,
,,,,,,,,,,,
,,,,,,,,,,,
,,,,,,,,,,,
,,,,,,,,,,,
,,,,,,,,,,,
,,,,,,,,,,,
,,,,,,,,,,,
,,,,,,,,,,,
,,,,,,,,,,,
,,,,,,,,,,,
,,,,,,,,,,,
,,,,,,,,,,,
,,,,,,,,,,,
,,,,,,,,,,,
,,,,,,,,,,,
,,,,,,,,,,,
,,,,,,,,,,,
,,,,,,,,,,,
,,,,,,,,,,,
,,,,,,,,,,,
,,,,,,,,,,,
,,,,,,,,,,,
,,,,,,,,,,,
,,,,,,,,,,,
,,,,,,,,,,,
,,,,,,,,,,,
,,,,,,,,,,,
,,,,,,,,,,,
,,,,,,,,,,,
,,,,,,,,,,,
,,,,,,,,,,,
,,,,,,,,,,,
,,,,,,,,,,,
,,,,,,,,,,,
,,,,,,,,,,,
,,,,,,,,,,,
,,,,,,,,,,,
,,,,,,,,,,,
,,,,,,,,,,,
,,,,,,,,,,,
,,,,,,,,,,,
,,,,,,,,,,,
,,,,,,,,,,,
,,,,,,,,,,,
,,,,,,,,,,,
,,,,,,,,,,,
,,,,,,,,,,,
,,,,,,,,,,,
,,,,,,,,,,,
,,,,,,,,,,,
,,,,,,,,,,,
,,,,,,,,,,,
,,,,,,,,,,,
,,,,,,,,,,,
,,,,,,,,,,,
,,,,,,,,,,,
,,,,,,,,,,,
,,,,,,,,,,,
,,,,,,,,,,,
,,,,,,,,,,,
,,,,,,,,,,,
,,,,,,,,,,,
,,,,,,,,,,,
,,,,,,,,,,,
,,,,,,,,,,,
,,,,,,,,,,,
,,,,,,,,,,,
,,,,,,,,,,,
,,,,,,,,,,,
,,,,,,,,,,,
,,,,,,,,,,,
,,,,,,,,,,,
,,,,,,,,,,,
,,,,,,,,,,,
,,,,,,,,,,,
,,,,,,,,,,,
,,,,,,,,,,,
,,,,,,,,,,,
,,,,,,,,,,,
,,,,,,,,,,,
,,,,,,,,,,,
,,,,,,,,,,,
,,,,,,,,,,,
,,,,,,,,,,,
,,,,,,,,,,,
,,,,,,,,,,,
,,,,,,,,,,,
,,,,,,,,,,,
,,,,,,,,,,,
,,,,,,,,,,,
,,,,,,,,,,,
,,,,,,,,,,,
,,,,,,,,,,,
,,,,,,,,,,,
,,,,,,,,,,,
,,,,,,,,,,,
,,,,,,,,,,,
,,,,,,,,,,,
,,,,,,,,,,,
,,,,,,,,,,,
,,,,,,,,,,,
,,,,,,,,,,,
,,,,,,,,,,,
,,,,,,,,,,,
,,,,,,,,,,,
,,,,,,,,,,,
,,,,,,,,,,,
,,,,,,,,,,,
,,,,,,,,,,,
,,,,,,,,,,,
,,,,,,,,,,,
,,,,,,,,,,,
,,,,,,,,,,,
,,,,,,,,,,,
,,,,,,,,,,,
,,,,,,,,,,,
,,,,,,,,,,,
,,,,,,,,,,,
,,,,,,,,,,,
,,,,,,,,,,,
,,,,,,,,,,,
,,,,,,,,,,,
,,,,,,,,,,,
,,,,,,,,,,,
,,,,,,,,,,,
,,,,,,,,,,,
,,,,,,,,,,,
,,,,,,,,,,,
,,,,,,,,,,,
,,,,,,,,,,,
,,,,,,,,,,,
,,,,,,,,,,,
,,,,,,,,,,,
,,,,,,,,,,,
,,,,,,,,,,,
,,,,,,,,,,,
,,,,,,,,,,,
,,,,,,,,,,,
,,,,,,,,,,,
,,,,,,,,,,,
,,,,,,,,,,,
,,,,,,,,,,,
,,,,,,,,,,,
,,,,,,,,,,,
,,,,,,,,,,,
,,,,,,,,,,,
,,,,,,,,,,,
,,,,,,,,,,,
,,,,,,,,,,,
,,,,,,,,,,,
,,,,,,,,,,,
,,,,,,,,,,,
,,,,,,,,,,,
,,,,,,,,,,,
,,,,,,,,,,,
,,,,,,,,,,,
,,,,,,,,,,,
,,,,,,,,,,,
,,,,,,,,,,,
,,,,,,,,,,,
,,,,,,,,,,,
,,,,,,,,,,,
,,,,,,,,,,,
,,,,,,,,,,,
,,,,,,,,,,,
,,,,,,,,,,,
,,,,,,,,,,,
,,,,,,,,,,,
,,,,,,,,,,,
,,,,,,,,,,,
,,,,,,,,,,,
,,,,,,,,,,,
,,,,,,,,,,,
,,,,,,,,,,,
,,,,,,,,,,,
,,,,,,,,,,,
,,,,,,,,,,,
,,,,,,,,,,,
,,,,,,,,,,,
,,,,,,,,,,,
,,,,,,,,,,,
,,,,,,,,,,,
,,,,,,,,,,,
,,,,,,,,,,,
,,,,,,,,,,,
,,,,,,,,,,,
,,,,,,,,,,,
,,,,,,,,,,,
,,,,,,,,,,,
,,,,,,,,,,,
,,,,,,,,,,,
,,,,,,,,,,,
,,,,,,,,,,,
,,,,,,,,,,,
,,,,,,,,,,,
,,,,,,,,,,,
,,,,,,,,,,,
,,,,,,,,,,,
,,,,,,,,,,,
,,,,,,,,,,,
,,,,,,,,,,,
,,,,,,,,,,,
,,,,,,,,,,,
,,,,,,,,,,,
,,,,,,,,,,,
,,,,,,,,,,,
,,,,,,,,,,,
,,,,,,,,,,,
,,,,,,,,,,,
,,,,,,,,,,,
,,,,,,,,,,,
,,,,,,,,,,,
,,,,,,,,,,,
,,,,,,,,,,,
,,,,,,,,,,,
,,,,,,,,,,,
,,,,,,,,,,,
,,,,,,,,,,,
,,,,,,,,,,,
,,,,,,,,,,,
,,,,,,,,,,,
,,,,,,,,,,,
,,,,,,,,,,,
,,,,,,,,,,,
,,,,,,,,,,,
,,,,,,,,,,,
,,,,,,,,,,,
,,,,,,,,,,,
,,,,,,,,,,,
,,,,,,,,,,,
,,,,,,,,,,,
,,,,,,,,,,,
,,,,,,,,,,,
,,,,,,,,,,,
,,,,,,,,,,,
,,,,,,,,,,,
,,,,,,,,,,,
,,,,,,,,,,,
,,,,,,,,,,,
,,,,,,,,,,,
,,,,,,,,,,,
,,,,,,,,,,,
,,,,,,,,,,,
,,,,,,,,,,,
,,,,,,,,,,,
,,,,,,,,,,,
,,,,,,,,,,,
,,,,,,,,,,,
,,,,,,,,,,,
,,,,,,,,,,,
,,,,,,,,,,,
,,,,,,,,,,,
,,,,,,,,,,,
,,,,,,,,,,,
,,,,,,,,,,,
,,,,,,,,,,,
,,,,,,,,,,,
,,,,,,,,,,,
,,,,,,,,,,,
,,,,,,,,,,,
,,,,,,,,,,,
,,,,,,,,,,,
,,,,,,,,,,,
,,,,,,,,,,,
,,,,,,,,,,,
,,,,,,,,,,,
,,,,,,,,,,,
,,,,,,,,,,,
,,,,,,,,,,,
,,,,,,,,,,,
,,,,,,,,,,,
,,,,,,,,,,,
,,,,,,,,,,,
,,,,,,,,,,,
,,,,,,,,,,,
,,,,,,,,,,,
,,,,,,,,,,,
,,,,,,,,,,,
,,,,,,,,,,,
,,,,,,,,,,,
,,,,,,,,,,,
,,,,,,,,,,,
,,,,,,,,,,,
,,,,,,,,,,,
,,,,,,,,,,,
,,,,,,,,,,,
,,,,,,,,,,,
,,,,,,,,,,,
,,,,,,,,,,,
,,,,,,,,,,,
,,,,,,,,,,,
,,,,,,,,,,,
,,,,,,,,,,,
,,,,,,,,,,,
,,,,,,,,,,,
,,,,,,,,,,,
,,,,,,,,,,,
,,,,,,,,,,,
,,,,,,,,,,,
,,,,,,,,,,,
,,,,,,,,,,,
,,,,,,,,,,,
,,,,,,,,,,,
,,,,,,,,,,,
,,,,,,,,,,,
,,,,,,,,,,,
,,,,,,,,,,,
,,,,,,,,,,,
,,,,,,,,,,,
,,,,,,,,,,,
,,,,,,,,,,,
,,,,,,,,,,,
,,,,,,,,,,,
,,,,,,,,,,,
,,,,,,,,,,,
,,,,,,,,,,,
,,,,,,,,,,,
,,,,,,,,,,,
,,,,,,,,,,,
,,,,,,,,,,,
,,,,,,,,,,,
,,,,,,,,,,,
,,,,,,,,,,,
,,,,,,,,,,,
,,,,,,,,,,,
,,,,,,,,,,,
,,,,,,,,,,,
,,,,,,,,,,,
,,,,,,,,,,,
,,,,,,,,,,,
,,,,,,,,,,,
,,,,,,,,,,,
,,,,,,,,,,,
,,,,,,,,,,,
,,,,,,,,,,,
,,,,,,,,,,,
,,,,,,,,,,,
,,,,,,,,,,,
,,,,,,,,,,,
,,,,,,,,,,,
,,,,,,,,,,,
,,,,,,,,,,,
,,,,,,,,,,,
,,,,,,,,,,,
,,,,,,,,,,,
,,,,,,,,,,,
,,,,,,,,,,,
,,,,,,,,,,,
,,,,,,,,,,,
,,,,,,,,,,,
,,,,,,,,,,,
,,,,,,,,,,,
,,,,,,,,,,,
,,,,,,,,,,,